country,alpha_2_code,alpha_3_code,numeric_code,indicator,time_period,obs_value,sex,unit_multiplier,unit_of_measure,observation_status,observation_confidentaility,time_period_activity_related_to_when_the_data_are_collected,current_age
Afghanistan,AF,AFG,4,Percentage of children (aged 24-59 months) whose father has engaged in 4 or more activities to provide early stimulation and responsive care in the last 3 days,2011,60.2,Female,,%,Reported,Free,End of fieldwork,36 to 59 months old
Afghanistan,AF,AFG,4,Percentage of children (aged 24-59 months) whose father has engaged in 4 or more activities to provide early stimulation and responsive care in the last 3 days,2011,63.3,Male,,%,Reported,Free,End of fieldwork,36 to 59 months old
Afghanistan,AF,AFG,4,Percentage of children (aged 24-59 months) whose father has engaged in 4 or more activities to provide early stimulation and responsive care in the last 3 days,2011,61.8,Total,,%,Reported,Free,End of fieldwork,36 to 59 months old
Albania,AL,ALB,8,Percentage of children (aged 24-59 months) whose father has engaged in 4 or more activities to provide early stimulation and responsive care in the last 3 days,2018,14.4,Female,,%,Reanalysed,Free,End of fieldwork,36 to 59 months old
Albania,AL,ALB,8,Percentage of children (aged 24-59 months) whose father has engaged in 4 or more activities to provide early stimulation and responsive care in the last 3 days,2018,13.5,Male,,%,Reanalysed,Free,End of fieldwork,36 to 59 months old
Albania,AL,ALB,8,Percentage of children (aged 24-59 months) whose father has engaged in 4 or more activities to provide early stimulation and responsive care in the last 3 days,2018,14,Total,,%,Reanalysed,Free,End of fieldwork,36 to 59 months old
Algeria,DZ,DZA,12,Percentage of children (aged 24-59 months) whose father has engaged in 4 or more activities to provide early stimulation and responsive care in the last 3 days,2019,12.092,Female,,%,Reported,Free,End of fieldwork,24 to 59 months old
Algeria,DZ,DZA,12,Percentage of children (aged 24-59 months) whose father has engaged in 4 or more activities to provide early stimulation and responsive care in the last 3 days,2019,11.978,Male,,%,Reported,Free,End of fieldwork,24 to 59 months old
Algeria,DZ,DZA,12,Percentage of children (aged 24-59 months) whose father has engaged in 4 or more activities to provide early stimulation and responsive care in the last 3 days,2019,12.033,Total,,%,Reported,Free,End of fieldwork,24 to 59 months old
Argentina,AR,ARG,32,Percentage of children (aged 24-59 months) whose father has engaged in 4 or more activities to provide early stimulation and responsive care in the last 3 days,2020,25.51,Female,,%,Reported,Free,End of fieldwork,24 to 59 months old
Argentina,AR,ARG,32,Percentage of children (aged 24-59 months) whose father has engaged in 4 or more activities to provide early stimulation and responsive care in the last 3 days,2020,23.273,Male,,%,Reported,Free,End of fieldwork,24 to 59 months old
Argentina,AR,ARG,32,Percentage of children (aged 24-59 months) whose father has engaged in 4 or more activities to provide early stimulation and responsive care in the last 3 days,2020,24.362,Total,,%,Reported,Free,End of fieldwork,24 to 59 months old
Bangladesh,BD,BGD,50,Percentage of children (aged 24-59 months) whose father has engaged in 4 or more activities to provide early stimulation and responsive care in the last 3 days,2019,10.499,Female,,%,Reported,Free,End of fieldwork,24 to 59 months old
Bangladesh,BD,BGD,50,Percentage of children (aged 24-59 months) whose father has engaged in 4 or more activities to provide early stimulation and responsive care in the last 3 days,2019,11.175,Male,,%,Reported,Free,End of fieldwork,24 to 59 months old
Bangladesh,BD,BGD,50,Percentage of children (aged 24-59 months) whose father has engaged in 4 or more activities to provide early stimulation and responsive care in the last 3 days,2019,10.851,Total,,%,Reported,Free,End of fieldwork,24 to 59 months old
Barbados,BB,BRB,52,Percentage of children (aged 24-59 months) whose father has engaged in 4 or more activities to provide early stimulation and responsive care in the last 3 days,2012,44.9,Female,,%,Reported,Free,End of fieldwork,36 to 59 months old
Barbados,BB,BRB,52,Percentage of children (aged 24-59 months) whose father has engaged in 4 or more activities to provide early stimulation and responsive care in the last 3 days,2012,46.8,Male,,%,Reported,Free,End of fieldwork,36 to 59 months old
Barbados,BB,BRB,52,Percentage of children (aged 24-59 months) whose father has engaged in 4 or more activities to provide early stimulation and responsive care in the last 3 days,2012,45.9,Total,,%,Reported,Free,End of fieldwork,36 to 59 months old
Belarus,BY,BLR,112,Percentage of children (aged 24-59 months) whose father has engaged in 4 or more activities to provide early stimulation and responsive care in the last 3 days,2019,30.713,Female,,%,Reported,Free,End of fieldwork,24 to 59 months old
Belarus,BY,BLR,112,Percentage of children (aged 24-59 months) whose father has engaged in 4 or more activities to provide early stimulation and responsive care in the last 3 days,2019,31.487,Male,,%,Reported,Free,End of fieldwork,24 to 59 months old
Belarus,BY,BLR,112,Percentage of children (aged 24-59 months) whose father has engaged in 4 or more activities to provide early stimulation and responsive care in the last 3 days,2019,31.095,Total,,%,Reported,Free,End of fieldwork,24 to 59 months old
Belize,BZ,BLZ,84,Percentage of children (aged 24-59 months) whose father has engaged in 4 or more activities to provide early stimulation and responsive care in the last 3 days,2016,21.9,Female,,%,Reported,Free,End of fieldwork,36 to 59 months old
Belize,BZ,BLZ,84,Percentage of children (aged 24-59 months) whose father has engaged in 4 or more activities to provide early stimulation and responsive care in the last 3 days,2016,25,Male,,%,Reported,Free,End of fieldwork,36 to 59 months old
Belize,BZ,BLZ,84,Percentage of children (aged 24-59 months) whose father has engaged in 4 or more activities to provide early stimulation and responsive care in the last 3 days,2016,23.5,Total,,%,Reported,Free,End of fieldwork,36 to 59 months old
Benin,BJ,BEN,204,Percentage of children (aged 24-59 months) whose father has engaged in 4 or more activities to provide early stimulation and responsive care in the last 3 days,2018,3.4,Female,,%,Reanalysed,Free,End of fieldwork,36 to 59 months old
Benin,BJ,BEN,204,Percentage of children (aged 24-59 months) whose father has engaged in 4 or more activities to provide early stimulation and responsive care in the last 3 days,2018,3.6,Male,,%,Reanalysed,Free,End of fieldwork,36 to 59 months old
Benin,BJ,BEN,204,Percentage of children (aged 24-59 months) whose father has engaged in 4 or more activities to provide early stimulation and responsive care in the last 3 days,2018,3.5,Total,,%,Reanalysed,Free,End of fieldwork,36 to 59 months old
Bhutan,BT,BTN,64,Percentage of children (aged 24-59 months) whose father has engaged in 4 or more activities to provide early stimulation and responsive care in the last 3 days,2010,49.6,Female,,%,Reported,Free,End of fieldwork,36 to 59 months old
Bhutan,BT,BTN,64,Percentage of children (aged 24-59 months) whose father has engaged in 4 or more activities to provide early stimulation and responsive care in the last 3 days,2010,52.8,Male,,%,Reported,Free,End of fieldwork,36 to 59 months old
Bhutan,BT,BTN,64,Percentage of children (aged 24-59 months) whose father has engaged in 4 or more activities to provide early stimulation and responsive care in the last 3 days,2010,51.3,Total,,%,Reported,Free,End of fieldwork,36 to 59 months old
Bosnia and Herzegovina,BA,BIH,70,Percentage of children (aged 24-59 months) whose father has engaged in 4 or more activities to provide early stimulation and responsive care in the last 3 days,2012,78.2,Female,,%,Reported,Free,End of fieldwork,36 to 59 months old
Bosnia and Herzegovina,BA,BIH,70,Percentage of children (aged 24-59 months) whose father has engaged in 4 or more activities to provide early stimulation and responsive care in the last 3 days,2012,74.1,Male,,%,Reported,Free,End of fieldwork,36 to 59 months old
Bosnia and Herzegovina,BA,BIH,70,Percentage of children (aged 24-59 months) whose father has engaged in 4 or more activities to provide early stimulation and responsive care in the last 3 days,2012,76.2,Total,,%,Reported,Free,End of fieldwork,36 to 59 months old
Burkina Faso,BF,BFA,854,Percentage of children (aged 24-59 months) whose father has engaged in 4 or more activities to provide early stimulation and responsive care in the last 3 days,2006,20.5,Female,,%,Reanalysed,Free,End of fieldwork,36 to 59 months old
Burkina Faso,BF,BFA,854,Percentage of children (aged 24-59 months) whose father has engaged in 4 or more activities to provide early stimulation and responsive care in the last 3 days,2006,28.3,Male,,%,Reanalysed,Free,End of fieldwork,36 to 59 months old
Burkina Faso,BF,BFA,854,Percentage of children (aged 24-59 months) whose father has engaged in 4 or more activities to provide early stimulation and responsive care in the last 3 days,2006,24.4,Total,,%,Reanalysed,Free,End of fieldwork,36 to 59 months old
Burundi,BI,BDI,108,Percentage of children (aged 24-59 months) whose father has engaged in 4 or more activities to provide early stimulation and responsive care in the last 3 days,2017,2.3,Female,,%,Reanalysed,Free,End of fieldwork,36 to 59 months old
Burundi,BI,BDI,108,Percentage of children (aged 24-59 months) whose father has engaged in 4 or more activities to provide early stimulation and responsive care in the last 3 days,2017,4.1,Male,,%,Reanalysed,Free,End of fieldwork,36 to 59 months old
Burundi,BI,BDI,108,Percentage of children (aged 24-59 months) whose father has engaged in 4 or more activities to provide early stimulation and responsive care in the last 3 days,2017,3.2,Total,,%,Reanalysed,Free,End of fieldwork,36 to 59 months old
Cambodia,KH,KHM,116,Percentage of children (aged 24-59 months) whose father has engaged in 4 or more activities to provide early stimulation and responsive care in the last 3 days,2014,9.2,Female,,%,Reanalysed,Free,End of fieldwork,36 to 59 months old
Cambodia,KH,KHM,116,Percentage of children (aged 24-59 months) whose father has engaged in 4 or more activities to provide early stimulation and responsive care in the last 3 days,2014,7.2,Male,,%,Reanalysed,Free,End of fieldwork,36 to 59 months old
Cambodia,KH,KHM,116,Percentage of children (aged 24-59 months) whose father has engaged in 4 or more activities to provide early stimulation and responsive care in the last 3 days,2014,8.2,Total,,%,Reanalysed,Free,End of fieldwork,36 to 59 months old
Cameroon,CM,CMR,120,Percentage of children (aged 24-59 months) whose father has engaged in 4 or more activities to provide early stimulation and responsive care in the last 3 days,2014,3.8,Female,,%,Reported,Free,End of fieldwork,36 to 59 months old
Cameroon,CM,CMR,120,Percentage of children (aged 24-59 months) whose father has engaged in 4 or more activities to provide early stimulation and responsive care in the last 3 days,2014,3.7,Male,,%,Reported,Free,End of fieldwork,36 to 59 months old
Cameroon,CM,CMR,120,Percentage of children (aged 24-59 months) whose father has engaged in 4 or more activities to provide early stimulation and responsive care in the last 3 days,2014,3.7,Total,,%,Reported,Free,End of fieldwork,36 to 59 months old
Central African Republic,CF,CAF,140,Percentage of children (aged 24-59 months) whose father has engaged in 4 or more activities to provide early stimulation and responsive care in the last 3 days,2019,3.83,Female,,%,Reanalysed,Free,End of fieldwork,24 to 59 months old
Central African Republic,CF,CAF,140,Percentage of children (aged 24-59 months) whose father has engaged in 4 or more activities to provide early stimulation and responsive care in the last 3 days,2019,4.851,Male,,%,Reanalysed,Free,End of fieldwork,24 to 59 months old
Central African Republic,CF,CAF,140,Percentage of children (aged 24-59 months) whose father has engaged in 4 or more activities to provide early stimulation and responsive care in the last 3 days,2019,4.328,Total,,%,Reanalysed,Free,End of fieldwork,24 to 59 months old
Chad,TD,TCD,148,Percentage of children (aged 24-59 months) whose father has engaged in 4 or more activities to provide early stimulation and responsive care in the last 3 days,2019,4.824,Female,,%,Reported,Free,End of fieldwork,24 to 59 months old
Chad,TD,TCD,148,Percentage of children (aged 24-59 months) whose father has engaged in 4 or more activities to provide early stimulation and responsive care in the last 3 days,2019,5.005,Male,,%,Reported,Free,End of fieldwork,24 to 59 months old
Chad,TD,TCD,148,Percentage of children (aged 24-59 months) whose father has engaged in 4 or more activities to provide early stimulation and responsive care in the last 3 days,2019,4.914,Total,,%,Reported,Free,End of fieldwork,24 to 59 months old
Chile,CL,CHL,152,Percentage of children (aged 24-59 months) whose father has engaged in 4 or more activities to provide early stimulation and responsive care in the last 3 days,2017,36.1,Female,,%,Reanalysed,Free,End of fieldwork,24 to 59 months old
Chile,CL,CHL,152,Percentage of children (aged 24-59 months) whose father has engaged in 4 or more activities to provide early stimulation and responsive care in the last 3 days,2017,32.2,Male,,%,Reanalysed,Free,End of fieldwork,24 to 59 months old
Chile,CL,CHL,152,Percentage of children (aged 24-59 months) whose father has engaged in 4 or more activities to provide early stimulation and responsive care in the last 3 days,2017,34.2,Total,,%,Reanalysed,Free,End of fieldwork,24 to 59 months old
Congo,CG,COG,178,Percentage of children (aged 24-59 months) whose father has engaged in 4 or more activities to provide early stimulation and responsive care in the last 3 days,2015,5.5,Female,,%,Reported,Free,End of fieldwork,36 to 59 months old
Congo,CG,COG,178,Percentage of children (aged 24-59 months) whose father has engaged in 4 or more activities to provide early stimulation and responsive care in the last 3 days,2015,6.9,Male,,%,Reported,Free,End of fieldwork,36 to 59 months old
Congo,CG,COG,178,Percentage of children (aged 24-59 months) whose father has engaged in 4 or more activities to provide early stimulation and responsive care in the last 3 days,2015,6.2,Total,,%,Reported,Free,End of fieldwork,36 to 59 months old
Costa Rica,CR,CRI,188,Percentage of children (aged 24-59 months) whose father has engaged in 4 or more activities to provide early stimulation and responsive care in the last 3 days,2018,23.98,Female,,%,Reported,Free,End of fieldwork,24 to 59 months old
Costa Rica,CR,CRI,188,Percentage of children (aged 24-59 months) whose father has engaged in 4 or more activities to provide early stimulation and responsive care in the last 3 days,2018,21.983,Male,,%,Reported,Free,End of fieldwork,24 to 59 months old
Costa Rica,CR,CRI,188,Percentage of children (aged 24-59 months) whose father has engaged in 4 or more activities to provide early stimulation and responsive care in the last 3 days,2018,22.927,Total,,%,Reported,Free,End of fieldwork,24 to 59 months old
Cuba,CU,CUB,192,Percentage of children (aged 24-59 months) whose father has engaged in 4 or more activities to provide early stimulation and responsive care in the last 3 days,2019,30.499,Female,,%,Reported,Free,End of fieldwork,24 to 59 months old
Cuba,CU,CUB,192,Percentage of children (aged 24-59 months) whose father has engaged in 4 or more activities to provide early stimulation and responsive care in the last 3 days,2019,31.449,Male,,%,Reported,Free,End of fieldwork,24 to 59 months old
Cuba,CU,CUB,192,Percentage of children (aged 24-59 months) whose father has engaged in 4 or more activities to provide early stimulation and responsive care in the last 3 days,2019,30.969,Total,,%,Reported,Free,End of fieldwork,24 to 59 months old
Côte d'Ivoire,CI,CIV,384,Percentage of children (aged 24-59 months) whose father has engaged in 4 or more activities to provide early stimulation and responsive care in the last 3 days,2016,4.3,Female,,%,Reported,Free,End of fieldwork,36 to 59 months old
Ivory Coast,CI,CIV,384,Percentage of children (aged 24-59 months) whose father has engaged in 4 or more activities to provide early stimulation and responsive care in the last 3 days,2016,4.3,Female,,%,Reported,Free,End of fieldwork,36 to 59 months old
Côte d'Ivoire,CI,CIV,384,Percentage of children (aged 24-59 months) whose father has engaged in 4 or more activities to provide early stimulation and responsive care in the last 3 days,2016,5.4,Male,,%,Reported,Free,End of fieldwork,36 to 59 months old
Ivory Coast,CI,CIV,384,Percentage of children (aged 24-59 months) whose father has engaged in 4 or more activities to provide early stimulation and responsive care in the last 3 days,2016,5.4,Male,,%,Reported,Free,End of fieldwork,36 to 59 months old
Côte d'Ivoire,CI,CIV,384,Percentage of children (aged 24-59 months) whose father has engaged in 4 or more activities to provide early stimulation and responsive care in the last 3 days,2016,4.9,Total,,%,Reported,Free,End of fieldwork,36 to 59 months old
Ivory Coast,CI,CIV,384,Percentage of children (aged 24-59 months) whose father has engaged in 4 or more activities to provide early stimulation and responsive care in the last 3 days,2016,4.9,Total,,%,Reported,Free,End of fieldwork,36 to 59 months old
"Korea, Democratic People's Republic of",KP,PRK,408,Percentage of children (aged 24-59 months) whose father has engaged in 4 or more activities to provide early stimulation and responsive care in the last 3 days,2017,22.7,Female,,%,Reported,Free,End of fieldwork,24 to 59 months old
"Korea, Democratic People's Republic of",KP,PRK,408,Percentage of children (aged 24-59 months) whose father has engaged in 4 or more activities to provide early stimulation and responsive care in the last 3 days,2017,20,Male,,%,Reported,Free,End of fieldwork,24 to 59 months old
"Korea, Democratic People's Republic of",KP,PRK,408,Percentage of children (aged 24-59 months) whose father has engaged in 4 or more activities to provide early stimulation and responsive care in the last 3 days,2017,21.3,Total,,%,Reported,Free,End of fieldwork,24 to 59 months old
"Congo, the Democratic Republic of the",CD,COD,180,Percentage of children (aged 24-59 months) whose father has engaged in 4 or more activities to provide early stimulation and responsive care in the last 3 days,2018,7.216,Female,,%,Reported,Free,End of fieldwork,24 to 59 months old
"Congo, the Democratic Republic of the",CD,COD,180,Percentage of children (aged 24-59 months) whose father has engaged in 4 or more activities to provide early stimulation and responsive care in the last 3 days,2018,6.263,Male,,%,Reported,Free,End of fieldwork,24 to 59 months old
"Congo, the Democratic Republic of the",CD,COD,180,Percentage of children (aged 24-59 months) whose father has engaged in 4 or more activities to provide early stimulation and responsive care in the last 3 days,2018,6.741,Total,,%,Reported,Free,End of fieldwork,24 to 59 months old
Djibouti,DJ,DJI,262,Percentage of children (aged 24-59 months) whose father has engaged in 4 or more activities to provide early stimulation and responsive care in the last 3 days,2012,26.4,Female,,%,Reported,Free,End of fieldwork,Under 5 years old
Djibouti,DJ,DJI,262,Percentage of children (aged 24-59 months) whose father has engaged in 4 or more activities to provide early stimulation and responsive care in the last 3 days,2012,29.7,Male,,%,Reported,Free,End of fieldwork,Under 5 years old
Djibouti,DJ,DJI,262,Percentage of children (aged 24-59 months) whose father has engaged in 4 or more activities to provide early stimulation and responsive care in the last 3 days,2012,28.1,Total,,%,Reported,Free,End of fieldwork,Under 5 years old
Dominican Republic,DO,DOM,214,Percentage of children (aged 24-59 months) whose father has engaged in 4 or more activities to provide early stimulation and responsive care in the last 3 days,2019,9.295,Female,,%,Reported,Free,End of fieldwork,24 to 59 months old
Dominican Republic,DO,DOM,214,Percentage of children (aged 24-59 months) whose father has engaged in 4 or more activities to provide early stimulation and responsive care in the last 3 days,2019,10.643,Male,,%,Reported,Free,End of fieldwork,24 to 59 months old
Dominican Republic,DO,DOM,214,Percentage of children (aged 24-59 months) whose father has engaged in 4 or more activities to provide early stimulation and responsive care in the last 3 days,2019,9.972,Total,,%,Reported,Free,End of fieldwork,24 to 59 months old
Ecuador,EC,ECU,218,Percentage of children (aged 24-59 months) whose father has engaged in 4 or more activities to provide early stimulation and responsive care in the last 3 days,2018,9.757,Female,,%,Reanalysed,Free,End of fieldwork,24 to 59 months old
Ecuador,EC,ECU,218,Percentage of children (aged 24-59 months) whose father has engaged in 4 or more activities to provide early stimulation and responsive care in the last 3 days,2018,7.573,Male,,%,Reanalysed,Free,End of fieldwork,24 to 59 months old
Ecuador,EC,ECU,218,Percentage of children (aged 24-59 months) whose father has engaged in 4 or more activities to provide early stimulation and responsive care in the last 3 days,2018,8.59,Total,,%,Reanalysed,Free,End of fieldwork,24 to 59 months old
El Salvador,SV,SLV,222,Percentage of children (aged 24-59 months) whose father has engaged in 4 or more activities to provide early stimulation and responsive care in the last 3 days,2021,16.4,Female,,%,Reported,Free,End of fieldwork,24 to 59 months old
El Salvador,SV,SLV,222,Percentage of children (aged 24-59 months) whose father has engaged in 4 or more activities to provide early stimulation and responsive care in the last 3 days,2021,14.7,Male,,%,Reported,Free,End of fieldwork,24 to 59 months old
El Salvador,SV,SLV,222,Percentage of children (aged 24-59 months) whose father has engaged in 4 or more activities to provide early stimulation and responsive care in the last 3 days,2021,15.5,Total,,%,Reported,Free,End of fieldwork,24 to 59 months old
Swaziland,SZ,SWZ,748,Percentage of children (aged 24-59 months) whose father has engaged in 4 or more activities to provide early stimulation and responsive care in the last 3 days,2014,1.8,Female,,%,Reported,Free,End of fieldwork,36 to 59 months old
Swaziland,SZ,SWZ,748,Percentage of children (aged 24-59 months) whose father has engaged in 4 or more activities to provide early stimulation and responsive care in the last 3 days,2014,1.8,Male,,%,Reported,Free,End of fieldwork,36 to 59 months old
Swaziland,SZ,SWZ,748,Percentage of children (aged 24-59 months) whose father has engaged in 4 or more activities to provide early stimulation and responsive care in the last 3 days,2014,1.8,Total,,%,Reported,Free,End of fieldwork,36 to 59 months old
Fiji,FJ,FJI,242,Percentage of children (aged 24-59 months) whose father has engaged in 4 or more activities to provide early stimulation and responsive care in the last 3 days,2021,42.103,Female,,%,Reported,Free,End of fieldwork,24 to 59 months old
Fiji,FJ,FJI,242,Percentage of children (aged 24-59 months) whose father has engaged in 4 or more activities to provide early stimulation and responsive care in the last 3 days,2021,46.707,Male,,%,Reported,Free,End of fieldwork,24 to 59 months old
Fiji,FJ,FJI,242,Percentage of children (aged 24-59 months) whose father has engaged in 4 or more activities to provide early stimulation and responsive care in the last 3 days,2021,44.6,Total,,%,Reported,Free,End of fieldwork,24 to 59 months old
Gambia,GM,GMB,270,Percentage of children (aged 24-59 months) whose father has engaged in 4 or more activities to provide early stimulation and responsive care in the last 3 days,2018,0.877,Female,,%,Reported,Free,End of fieldwork,24 to 59 months old
Gambia,GM,GMB,270,Percentage of children (aged 24-59 months) whose father has engaged in 4 or more activities to provide early stimulation and responsive care in the last 3 days,2018,0.794,Male,,%,Reported,Free,End of fieldwork,24 to 59 months old
Gambia,GM,GMB,270,Percentage of children (aged 24-59 months) whose father has engaged in 4 or more activities to provide early stimulation and responsive care in the last 3 days,2018,0.834,Total,,%,Reported,Free,End of fieldwork,24 to 59 months old
Georgia,GE,GEO,268,Percentage of children (aged 24-59 months) whose father has engaged in 4 or more activities to provide early stimulation and responsive care in the last 3 days,2018,9.418,Female,,%,Reported,Free,End of fieldwork,24 to 59 months old
Georgia,GE,GEO,268,Percentage of children (aged 24-59 months) whose father has engaged in 4 or more activities to provide early stimulation and responsive care in the last 3 days,2018,6.792,Male,,%,Reported,Free,End of fieldwork,24 to 59 months old
Georgia,GE,GEO,268,Percentage of children (aged 24-59 months) whose father has engaged in 4 or more activities to provide early stimulation and responsive care in the last 3 days,2018,8.081,Total,,%,Reported,Free,End of fieldwork,24 to 59 months old
Ghana,GH,GHA,288,Percentage of children (aged 24-59 months) whose father has engaged in 4 or more activities to provide early stimulation and responsive care in the last 3 days,2018,3.287,Female,,%,Reported,Free,End of fieldwork,24 to 59 months old
Ghana,GH,GHA,288,Percentage of children (aged 24-59 months) whose father has engaged in 4 or more activities to provide early stimulation and responsive care in the last 3 days,2018,2.98,Male,,%,Reported,Free,End of fieldwork,24 to 59 months old
Ghana,GH,GHA,288,Percentage of children (aged 24-59 months) whose father has engaged in 4 or more activities to provide early stimulation and responsive care in the last 3 days,2018,3.138,Total,,%,Reported,Free,End of fieldwork,24 to 59 months old
Guinea,GN,GIN,324,Percentage of children (aged 24-59 months) whose father has engaged in 4 or more activities to provide early stimulation and responsive care in the last 3 days,2016,3.5,Female,,%,Reported,Free,End of fieldwork,36 to 59 months old
Guinea,GN,GIN,324,Percentage of children (aged 24-59 months) whose father has engaged in 4 or more activities to provide early stimulation and responsive care in the last 3 days,2016,5,Male,,%,Reported,Free,End of fieldwork,36 to 59 months old
Guinea,GN,GIN,324,Percentage of children (aged 24-59 months) whose father has engaged in 4 or more activities to provide early stimulation and responsive care in the last 3 days,2016,4.2,Total,,%,Reported,Free,End of fieldwork,36 to 59 months old
Guinea-Bissau,GW,GNB,624,Percentage of children (aged 24-59 months) whose father has engaged in 4 or more activities to provide early stimulation and responsive care in the last 3 days,2019,7.932,Female,,%,Reported,Free,End of fieldwork,24 to 59 months old
Guinea-Bissau,GW,GNB,624,Percentage of children (aged 24-59 months) whose father has engaged in 4 or more activities to provide early stimulation and responsive care in the last 3 days,2019,6.443,Male,,%,Reported,Free,End of fieldwork,24 to 59 months old
Guinea-Bissau,GW,GNB,624,Percentage of children (aged 24-59 months) whose father has engaged in 4 or more activities to provide early stimulation and responsive care in the last 3 days,2019,7.162,Total,,%,Reported,Free,End of fieldwork,24 to 59 months old
Guyana,GY,GUY,328,Percentage of children (aged 24-59 months) whose father has engaged in 4 or more activities to provide early stimulation and responsive care in the last 3 days,2014,16.4,Female,,%,Reported,Free,End of fieldwork,36 to 59 months old
Guyana,GY,GUY,328,Percentage of children (aged 24-59 months) whose father has engaged in 4 or more activities to provide early stimulation and responsive care in the last 3 days,2014,15.5,Male,,%,Reported,Free,End of fieldwork,36 to 59 months old
Guyana,GY,GUY,328,Percentage of children (aged 24-59 months) whose father has engaged in 4 or more activities to provide early stimulation and responsive care in the last 3 days,2014,15.9,Total,,%,Reported,Free,End of fieldwork,36 to 59 months old
Haiti,HT,HTI,332,Percentage of children (aged 24-59 months) whose father has engaged in 4 or more activities to provide early stimulation and responsive care in the last 3 days,2017,7.6,Female,,%,Reanalysed,Free,End of fieldwork,36 to 59 months old
Haiti,HT,HTI,332,Percentage of children (aged 24-59 months) whose father has engaged in 4 or more activities to provide early stimulation and responsive care in the last 3 days,2017,5.8,Male,,%,Reanalysed,Free,End of fieldwork,36 to 59 months old
Haiti,HT,HTI,332,Percentage of children (aged 24-59 months) whose father has engaged in 4 or more activities to provide early stimulation and responsive care in the last 3 days,2017,6.7,Total,,%,Reanalysed,Free,End of fieldwork,36 to 59 months old
Honduras,HN,HND,340,Percentage of children (aged 24-59 months) whose father has engaged in 4 or more activities to provide early stimulation and responsive care in the last 3 days,2019,4.639,Female,,%,Reported,Free,End of fieldwork,24 to 59 months old
Honduras,HN,HND,340,Percentage of children (aged 24-59 months) whose father has engaged in 4 or more activities to provide early stimulation and responsive care in the last 3 days,2019,5.141,Male,,%,Reported,Free,End of fieldwork,24 to 59 months old
Honduras,HN,HND,340,Percentage of children (aged 24-59 months) whose father has engaged in 4 or more activities to provide early stimulation and responsive care in the last 3 days,2019,4.898,Total,,%,Reported,Free,End of fieldwork,24 to 59 months old
"Iran, Islamic Republic of",IR,IRN,364,Percentage of children (aged 24-59 months) whose father has engaged in 4 or more activities to provide early stimulation and responsive care in the last 3 days,2010,57.1,Female,,%,Reported,Free,End of fieldwork,36 to 59 months old
"Iran, Islamic Republic of",IR,IRN,364,Percentage of children (aged 24-59 months) whose father has engaged in 4 or more activities to provide early stimulation and responsive care in the last 3 days,2010,62.7,Male,,%,Reported,Free,End of fieldwork,36 to 59 months old
"Iran, Islamic Republic of",IR,IRN,364,Percentage of children (aged 24-59 months) whose father has engaged in 4 or more activities to provide early stimulation and responsive care in the last 3 days,2010,59.9,Total,,%,Reported,Free,End of fieldwork,36 to 59 months old
Iraq,IQ,IRQ,368,Percentage of children (aged 24-59 months) whose father has engaged in 4 or more activities to provide early stimulation and responsive care in the last 3 days,2018,8.82,Female,,%,Reported,Free,End of fieldwork,24 to 59 months old
Iraq,IQ,IRQ,368,Percentage of children (aged 24-59 months) whose father has engaged in 4 or more activities to provide early stimulation and responsive care in the last 3 days,2018,10.8,Male,,%,Reported,Free,End of fieldwork,24 to 59 months old
Iraq,IQ,IRQ,368,Percentage of children (aged 24-59 months) whose father has engaged in 4 or more activities to provide early stimulation and responsive care in the last 3 days,2018,9.849,Total,,%,Reported,Free,End of fieldwork,24 to 59 months old
Jamaica,JM,JAM,388,Percentage of children (aged 24-59 months) whose father has engaged in 4 or more activities to provide early stimulation and responsive care in the last 3 days,2011,26.5,Female,,%,Reported,Free,End of fieldwork,36 to 59 months old
Jamaica,JM,JAM,388,Percentage of children (aged 24-59 months) whose father has engaged in 4 or more activities to provide early stimulation and responsive care in the last 3 days,2011,28.3,Male,,%,Reported,Free,End of fieldwork,36 to 59 months old
Jamaica,JM,JAM,388,Percentage of children (aged 24-59 months) whose father has engaged in 4 or more activities to provide early stimulation and responsive care in the last 3 days,2011,27.5,Total,,%,Reported,Free,End of fieldwork,36 to 59 months old
Jordan,JO,JOR,400,Percentage of children (aged 24-59 months) whose father has engaged in 4 or more activities to provide early stimulation and responsive care in the last 3 days,2018,30.7,Female,,%,Reanalysed,Free,End of fieldwork,36 to 59 months old
Jordan,JO,JOR,400,Percentage of children (aged 24-59 months) whose father has engaged in 4 or more activities to provide early stimulation and responsive care in the last 3 days,2018,33.4,Male,,%,Reanalysed,Free,End of fieldwork,36 to 59 months old
Jordan,JO,JOR,400,Percentage of children (aged 24-59 months) whose father has engaged in 4 or more activities to provide early stimulation and responsive care in the last 3 days,2018,32.1,Total,,%,Reanalysed,Free,End of fieldwork,36 to 59 months old
Kazakhstan,KZ,KAZ,398,Percentage of children (aged 24-59 months) whose father has engaged in 4 or more activities to provide early stimulation and responsive care in the last 3 days,2015,6.1,Female,,%,Reported,Free,End of fieldwork,36 to 59 months old
Kazakhstan,KZ,KAZ,398,Percentage of children (aged 24-59 months) whose father has engaged in 4 or more activities to provide early stimulation and responsive care in the last 3 days,2015,7.2,Male,,%,Reported,Free,End of fieldwork,36 to 59 months old
Kazakhstan,KZ,KAZ,398,Percentage of children (aged 24-59 months) whose father has engaged in 4 or more activities to provide early stimulation and responsive care in the last 3 days,2015,6.6,Total,,%,Reported,Free,End of fieldwork,36 to 59 months old
Kiribati,KI,KIR,296,Percentage of children (aged 24-59 months) whose father has engaged in 4 or more activities to provide early stimulation and responsive care in the last 3 days,2019,18.153,Female,,%,Reported,Free,End of fieldwork,24 to 59 months old
Kiribati,KI,KIR,296,Percentage of children (aged 24-59 months) whose father has engaged in 4 or more activities to provide early stimulation and responsive care in the last 3 days,2019,20.083,Male,,%,Reported,Free,End of fieldwork,24 to 59 months old
Kiribati,KI,KIR,296,Percentage of children (aged 24-59 months) whose father has engaged in 4 or more activities to provide early stimulation and responsive care in the last 3 days,2019,19.113,Total,,%,Reported,Free,End of fieldwork,24 to 59 months old
Kyrgyzstan,KG,KGZ,417,Percentage of children (aged 24-59 months) whose father has engaged in 4 or more activities to provide early stimulation and responsive care in the last 3 days,2018,11.423,Female,,%,Reported,Free,End of fieldwork,24 to 59 months old
Kyrgyzstan,KG,KGZ,417,Percentage of children (aged 24-59 months) whose father has engaged in 4 or more activities to provide early stimulation and responsive care in the last 3 days,2018,9.951,Male,,%,Reported,Free,End of fieldwork,24 to 59 months old
Kyrgyzstan,KG,KGZ,417,Percentage of children (aged 24-59 months) whose father has engaged in 4 or more activities to provide early stimulation and responsive care in the last 3 days,2018,10.686,Total,,%,Reported,Free,End of fieldwork,24 to 59 months old
Lao People's Democratic Republic,LA,LAO,418,Percentage of children (aged 24-59 months) whose father has engaged in 4 or more activities to provide early stimulation and responsive care in the last 3 days,2017,6.709,Female,,%,Reported,Free,End of fieldwork,24 to 59 months old
Lao People's Democratic Republic,LA,LAO,418,Percentage of children (aged 24-59 months) whose father has engaged in 4 or more activities to provide early stimulation and responsive care in the last 3 days,2017,8.054,Male,,%,Reported,Free,End of fieldwork,24 to 59 months old
Lao People's Democratic Republic,LA,LAO,418,Percentage of children (aged 24-59 months) whose father has engaged in 4 or more activities to provide early stimulation and responsive care in the last 3 days,2017,7.39,Total,,%,Reported,Free,End of fieldwork,24 to 59 months old
Lebanon,LB,LBN,422,Percentage of children (aged 24-59 months) whose father has engaged in 4 or more activities to provide early stimulation and responsive care in the last 3 days,2009,74.5,Female,,%,Reported,Free,End of fieldwork,Under 5 years old
Lebanon,LB,LBN,422,Percentage of children (aged 24-59 months) whose father has engaged in 4 or more activities to provide early stimulation and responsive care in the last 3 days,2009,72.9,Male,,%,Reported,Free,End of fieldwork,Under 5 years old
Lebanon,LB,LBN,422,Percentage of children (aged 24-59 months) whose father has engaged in 4 or more activities to provide early stimulation and responsive care in the last 3 days,2009,73.8,Total,,%,Reported,Free,End of fieldwork,Under 5 years old
Lesotho,LS,LSO,426,Percentage of children (aged 24-59 months) whose father has engaged in 4 or more activities to provide early stimulation and responsive care in the last 3 days,2018,1.065,Female,,%,Reported,Free,End of fieldwork,24 to 59 months old
Lesotho,LS,LSO,426,Percentage of children (aged 24-59 months) whose father has engaged in 4 or more activities to provide early stimulation and responsive care in the last 3 days,2018,2.508,Male,,%,Reported,Free,End of fieldwork,24 to 59 months old
Lesotho,LS,LSO,426,Percentage of children (aged 24-59 months) whose father has engaged in 4 or more activities to provide early stimulation and responsive care in the last 3 days,2018,1.752,Total,,%,Reported,Free,End of fieldwork,24 to 59 months old
Madagascar,MG,MDG,450,Percentage of children (aged 24-59 months) whose father has engaged in 4 or more activities to provide early stimulation and responsive care in the last 3 days,2018,2.741,Female,,%,Reported,Free,End of fieldwork,24 to 59 months old
Madagascar,MG,MDG,450,Percentage of children (aged 24-59 months) whose father has engaged in 4 or more activities to provide early stimulation and responsive care in the last 3 days,2018,2.584,Male,,%,Reported,Free,End of fieldwork,24 to 59 months old
Madagascar,MG,MDG,450,Percentage of children (aged 24-59 months) whose father has engaged in 4 or more activities to provide early stimulation and responsive care in the last 3 days,2018,2.661,Total,,%,Reported,Free,End of fieldwork,24 to 59 months old
Malawi,MW,MWI,454,Percentage of children (aged 24-59 months) whose father has engaged in 4 or more activities to provide early stimulation and responsive care in the last 3 days,2020,2.082,Female,,%,Reported,Free,End of fieldwork,24 to 59 months old
Malawi,MW,MWI,454,Percentage of children (aged 24-59 months) whose father has engaged in 4 or more activities to provide early stimulation and responsive care in the last 3 days,2020,2.755,Male,,%,Reported,Free,End of fieldwork,24 to 59 months old
Malawi,MW,MWI,454,Percentage of children (aged 24-59 months) whose father has engaged in 4 or more activities to provide early stimulation and responsive care in the last 3 days,2020,2.415,Total,,%,Reported,Free,End of fieldwork,24 to 59 months old
Maldives,MV,MDV,462,Percentage of children (aged 24-59 months) whose father has engaged in 4 or more activities to provide early stimulation and responsive care in the last 3 days,2017,24.1,Female,,%,Reanalysed,Free,End of fieldwork,36 to 59 months old
Maldives,MV,MDV,462,Percentage of children (aged 24-59 months) whose father has engaged in 4 or more activities to provide early stimulation and responsive care in the last 3 days,2017,26.2,Male,,%,Reanalysed,Free,End of fieldwork,36 to 59 months old
Maldives,MV,MDV,462,Percentage of children (aged 24-59 months) whose father has engaged in 4 or more activities to provide early stimulation and responsive care in the last 3 days,2017,25.2,Total,,%,Reanalysed,Free,End of fieldwork,36 to 59 months old
Mali,ML,MLI,466,Percentage of children (aged 24-59 months) whose father has engaged in 4 or more activities to provide early stimulation and responsive care in the last 3 days,2015,4,Female,,%,Reported,Free,End of fieldwork,36 to 59 months old
Mali,ML,MLI,466,Percentage of children (aged 24-59 months) whose father has engaged in 4 or more activities to provide early stimulation and responsive care in the last 3 days,2015,6.1,Male,,%,Reported,Free,End of fieldwork,36 to 59 months old
Mali,ML,MLI,466,Percentage of children (aged 24-59 months) whose father has engaged in 4 or more activities to provide early stimulation and responsive care in the last 3 days,2015,5.1,Total,,%,Reported,Free,End of fieldwork,36 to 59 months old
Marshall Islands,MH,MHL,584,Percentage of children (aged 24-59 months) whose father has engaged in 4 or more activities to provide early stimulation and responsive care in the last 3 days,2017,1.5,Female,,%,Reported,Free,End of fieldwork,36 to 59 months old
Marshall Islands,MH,MHL,584,Percentage of children (aged 24-59 months) whose father has engaged in 4 or more activities to provide early stimulation and responsive care in the last 3 days,2017,1.7,Male,,%,Reported,Free,End of fieldwork,36 to 59 months old
Marshall Islands,MH,MHL,584,Percentage of children (aged 24-59 months) whose father has engaged in 4 or more activities to provide early stimulation and responsive care in the last 3 days,2017,1.6,Total,,%,Reported,Free,End of fieldwork,36 to 59 months old
Mauritania,MR,MRT,478,Percentage of children (aged 24-59 months) whose father has engaged in 4 or more activities to provide early stimulation and responsive care in the last 3 days,2015,4.3,Female,,%,Reported,Free,End of fieldwork,36 to 59 months old
Mauritania,MR,MRT,478,Percentage of children (aged 24-59 months) whose father has engaged in 4 or more activities to provide early stimulation and responsive care in the last 3 days,2015,5.2,Male,,%,Reported,Free,End of fieldwork,36 to 59 months old
Mauritania,MR,MRT,478,Percentage of children (aged 24-59 months) whose father has engaged in 4 or more activities to provide early stimulation and responsive care in the last 3 days,2015,4.7,Total,,%,Reported,Free,End of fieldwork,36 to 59 months old
Mexico,MX,MEX,484,Percentage of children (aged 24-59 months) whose father has engaged in 4 or more activities to provide early stimulation and responsive care in the last 3 days,2021,17.128,Female,,%,Reanalysed,Free,End of fieldwork,24 to 59 months old
Mexico,MX,MEX,484,Percentage of children (aged 24-59 months) whose father has engaged in 4 or more activities to provide early stimulation and responsive care in the last 3 days,2021,14.83,Male,,%,Reanalysed,Free,End of fieldwork,24 to 59 months old
Mexico,MX,MEX,484,Percentage of children (aged 24-59 months) whose father has engaged in 4 or more activities to provide early stimulation and responsive care in the last 3 days,2021,15.966,Total,,%,Reanalysed,Free,End of fieldwork,24 to 59 months old
Mongolia,MN,MNG,496,Percentage of children (aged 24-59 months) whose father has engaged in 4 or more activities to provide early stimulation and responsive care in the last 3 days,2018,13.821,Female,,%,Reported,Free,End of fieldwork,24 to 59 months old
Mongolia,MN,MNG,496,Percentage of children (aged 24-59 months) whose father has engaged in 4 or more activities to provide early stimulation and responsive care in the last 3 days,2018,17.216,Male,,%,Reported,Free,End of fieldwork,24 to 59 months old
Mongolia,MN,MNG,496,Percentage of children (aged 24-59 months) whose father has engaged in 4 or more activities to provide early stimulation and responsive care in the last 3 days,2018,15.578,Total,,%,Reported,Free,End of fieldwork,24 to 59 months old
Montenegro,ME,MNE,499,Percentage of children (aged 24-59 months) whose father has engaged in 4 or more activities to provide early stimulation and responsive care in the last 3 days,2018,47.704,Female,,%,Reported,Free,End of fieldwork,24 to 59 months old
Montenegro,ME,MNE,499,Percentage of children (aged 24-59 months) whose father has engaged in 4 or more activities to provide early stimulation and responsive care in the last 3 days,2018,40.751,Male,,%,Reported,Free,End of fieldwork,24 to 59 months old
Montenegro,ME,MNE,499,Percentage of children (aged 24-59 months) whose father has engaged in 4 or more activities to provide early stimulation and responsive care in the last 3 days,2018,44.052,Total,,%,Reported,Free,End of fieldwork,24 to 59 months old
Morocco,MA,MAR,504,Percentage of children (aged 24-59 months) whose father has engaged in 4 or more activities to provide early stimulation and responsive care in the last 3 days,2018,63.4,Female,,%,Reported,Free,End of fieldwork,Under 5 years old
Morocco,MA,MAR,504,Percentage of children (aged 24-59 months) whose father has engaged in 4 or more activities to provide early stimulation and responsive care in the last 3 days,2018,66.6,Male,,%,Reported,Free,End of fieldwork,Under 5 years old
Morocco,MA,MAR,504,Percentage of children (aged 24-59 months) whose father has engaged in 4 or more activities to provide early stimulation and responsive care in the last 3 days,2018,65.1,Total,,%,Reported,Free,End of fieldwork,Under 5 years old
Mozambique,MZ,MOZ,508,Percentage of children (aged 24-59 months) whose father has engaged in 4 or more activities to provide early stimulation and responsive care in the last 3 days,2008,19.3,Female,,%,Reanalysed,Free,End of fieldwork,36 to 59 months old
Mozambique,MZ,MOZ,508,Percentage of children (aged 24-59 months) whose father has engaged in 4 or more activities to provide early stimulation and responsive care in the last 3 days,2008,21.3,Male,,%,Reanalysed,Free,End of fieldwork,36 to 59 months old
Mozambique,MZ,MOZ,508,Percentage of children (aged 24-59 months) whose father has engaged in 4 or more activities to provide early stimulation and responsive care in the last 3 days,2008,20.3,Total,,%,Reanalysed,Free,End of fieldwork,36 to 59 months old
Myanmar,MM,MMR,104,Percentage of children (aged 24-59 months) whose father has engaged in 4 or more activities to provide early stimulation and responsive care in the last 3 days,2016,5.3,Female,,%,Reported,Free,End of fieldwork,36 to 59 months old
Burma,MM,MMR,104,Percentage of children (aged 24-59 months) whose father has engaged in 4 or more activities to provide early stimulation and responsive care in the last 3 days,2016,5.3,Female,,%,Reported,Free,End of fieldwork,36 to 59 months old
Myanmar,MM,MMR,104,Percentage of children (aged 24-59 months) whose father has engaged in 4 or more activities to provide early stimulation and responsive care in the last 3 days,2016,6.6,Male,,%,Reported,Free,End of fieldwork,36 to 59 months old
Burma,MM,MMR,104,Percentage of children (aged 24-59 months) whose father has engaged in 4 or more activities to provide early stimulation and responsive care in the last 3 days,2016,6.6,Male,,%,Reported,Free,End of fieldwork,36 to 59 months old
Myanmar,MM,MMR,104,Percentage of children (aged 24-59 months) whose father has engaged in 4 or more activities to provide early stimulation and responsive care in the last 3 days,2016,6,Total,,%,Reported,Free,End of fieldwork,36 to 59 months old
Burma,MM,MMR,104,Percentage of children (aged 24-59 months) whose father has engaged in 4 or more activities to provide early stimulation and responsive care in the last 3 days,2016,6,Total,,%,Reported,Free,End of fieldwork,36 to 59 months old
Nepal,NP,NPL,524,Percentage of children (aged 24-59 months) whose father has engaged in 4 or more activities to provide early stimulation and responsive care in the last 3 days,2019,15.609,Female,,%,Reported,Free,End of fieldwork,24 to 59 months old
Nepal,NP,NPL,524,Percentage of children (aged 24-59 months) whose father has engaged in 4 or more activities to provide early stimulation and responsive care in the last 3 days,2019,19.391,Male,,%,Reported,Free,End of fieldwork,24 to 59 months old
Nepal,NP,NPL,524,Percentage of children (aged 24-59 months) whose father has engaged in 4 or more activities to provide early stimulation and responsive care in the last 3 days,2019,17.581,Total,,%,Reported,Free,End of fieldwork,24 to 59 months old
Nigeria,NG,NGA,566,Percentage of children (aged 24-59 months) whose father has engaged in 4 or more activities to provide early stimulation and responsive care in the last 3 days,2021,9.739,Female,,%,Reported,Free,End of fieldwork,24 to 59 months old
Nigeria,NG,NGA,566,Percentage of children (aged 24-59 months) whose father has engaged in 4 or more activities to provide early stimulation and responsive care in the last 3 days,2021,11.143,Male,,%,Reported,Free,End of fieldwork,24 to 59 months old
Nigeria,NG,NGA,566,Percentage of children (aged 24-59 months) whose father has engaged in 4 or more activities to provide early stimulation and responsive care in the last 3 days,2021,10.447,Total,,%,Reported,Free,End of fieldwork,24 to 59 months old
"Macedonia, the former Yugoslav Republic of",MK,MKD,807,Percentage of children (aged 24-59 months) whose father has engaged in 4 or more activities to provide early stimulation and responsive care in the last 3 days,2019,29.637,Female,,%,Reported,Free,End of fieldwork,24 to 59 months old
"Macedonia, the former Yugoslav Republic of",MK,MKD,807,Percentage of children (aged 24-59 months) whose father has engaged in 4 or more activities to provide early stimulation and responsive care in the last 3 days,2019,34.028,Male,,%,Reported,Free,End of fieldwork,24 to 59 months old
"Macedonia, the former Yugoslav Republic of",MK,MKD,807,Percentage of children (aged 24-59 months) whose father has engaged in 4 or more activities to provide early stimulation and responsive care in the last 3 days,2019,31.994,Total,,%,Reported,Free,End of fieldwork,24 to 59 months old
Oman,OM,OMN,512,Percentage of children (aged 24-59 months) whose father has engaged in 4 or more activities to provide early stimulation and responsive care in the last 3 days,2014,22.2,Female,,%,Reported,Free,End of fieldwork,36 to 59 months old
Oman,OM,OMN,512,Percentage of children (aged 24-59 months) whose father has engaged in 4 or more activities to provide early stimulation and responsive care in the last 3 days,2014,22.4,Male,,%,Reported,Free,End of fieldwork,36 to 59 months old
Oman,OM,OMN,512,Percentage of children (aged 24-59 months) whose father has engaged in 4 or more activities to provide early stimulation and responsive care in the last 3 days,2014,22.3,Total,,%,Reported,Free,End of fieldwork,36 to 59 months old
Panama,PA,PAN,591,Percentage of children (aged 24-59 months) whose father has engaged in 4 or more activities to provide early stimulation and responsive care in the last 3 days,2013,43.6,Female,,%,Reported,Free,End of fieldwork,36 to 59 months old
Panama,PA,PAN,591,Percentage of children (aged 24-59 months) whose father has engaged in 4 or more activities to provide early stimulation and responsive care in the last 3 days,2013,45.6,Male,,%,Reported,Free,End of fieldwork,36 to 59 months old
Panama,PA,PAN,591,Percentage of children (aged 24-59 months) whose father has engaged in 4 or more activities to provide early stimulation and responsive care in the last 3 days,2013,44.7,Total,,%,Reported,Free,End of fieldwork,36 to 59 months old
Paraguay,PY,PRY,600,Percentage of children (aged 24-59 months) whose father has engaged in 4 or more activities to provide early stimulation and responsive care in the last 3 days,2016,17.4,Female,,%,Reported,Free,End of fieldwork,36 to 59 months old
Paraguay,PY,PRY,600,Percentage of children (aged 24-59 months) whose father has engaged in 4 or more activities to provide early stimulation and responsive care in the last 3 days,2016,15.7,Male,,%,Reported,Free,End of fieldwork,36 to 59 months old
Paraguay,PY,PRY,600,Percentage of children (aged 24-59 months) whose father has engaged in 4 or more activities to provide early stimulation and responsive care in the last 3 days,2016,16.6,Total,,%,Reported,Free,End of fieldwork,36 to 59 months old
Qatar,QA,QAT,634,Percentage of children (aged 24-59 months) whose father has engaged in 4 or more activities to provide early stimulation and responsive care in the last 3 days,2012,82.9,Female,,%,Reported,Free,End of fieldwork,36 to 59 months old
Qatar,QA,QAT,634,Percentage of children (aged 24-59 months) whose father has engaged in 4 or more activities to provide early stimulation and responsive care in the last 3 days,2012,86.8,Male,,%,Reported,Free,End of fieldwork,36 to 59 months old
Qatar,QA,QAT,634,Percentage of children (aged 24-59 months) whose father has engaged in 4 or more activities to provide early stimulation and responsive care in the last 3 days,2012,84.9,Total,,%,Reported,Free,End of fieldwork,36 to 59 months old
"Moldova, Republic of",MD,MDA,498,Percentage of children (aged 24-59 months) whose father has engaged in 4 or more activities to provide early stimulation and responsive care in the last 3 days,2012,44.3,Female,,%,Reported,Free,End of fieldwork,36 to 59 months old
"Moldova, Republic of",MD,MDA,498,Percentage of children (aged 24-59 months) whose father has engaged in 4 or more activities to provide early stimulation and responsive care in the last 3 days,2012,50.1,Male,,%,Reported,Free,End of fieldwork,36 to 59 months old
"Moldova, Republic of",MD,MDA,498,Percentage of children (aged 24-59 months) whose father has engaged in 4 or more activities to provide early stimulation and responsive care in the last 3 days,2012,47.4,Total,,%,Reported,Free,End of fieldwork,36 to 59 months old
Rwanda,RW,RWA,646,Percentage of children (aged 24-59 months) whose father has engaged in 4 or more activities to provide early stimulation and responsive care in the last 3 days,2020,5.484,Female,,%,Reanalysed,Free,End of fieldwork,24 to 59 months old
Rwanda,RW,RWA,646,Percentage of children (aged 24-59 months) whose father has engaged in 4 or more activities to provide early stimulation and responsive care in the last 3 days,2020,5.447,Male,,%,Reanalysed,Free,End of fieldwork,24 to 59 months old
Rwanda,RW,RWA,646,Percentage of children (aged 24-59 months) whose father has engaged in 4 or more activities to provide early stimulation and responsive care in the last 3 days,2020,5.465,Total,,%,Reanalysed,Free,End of fieldwork,24 to 59 months old
Saint Lucia,LC,LCA,662,Percentage of children (aged 24-59 months) whose father has engaged in 4 or more activities to provide early stimulation and responsive care in the last 3 days,2012,50.1,Female,,%,Reported,Free,End of fieldwork,36 to 59 months old
Saint Lucia,LC,LCA,662,Percentage of children (aged 24-59 months) whose father has engaged in 4 or more activities to provide early stimulation and responsive care in the last 3 days,2012,50,Male,,%,Reported,Free,End of fieldwork,36 to 59 months old
Saint Lucia,LC,LCA,662,Percentage of children (aged 24-59 months) whose father has engaged in 4 or more activities to provide early stimulation and responsive care in the last 3 days,2012,50.1,Total,,%,Reported,Free,End of fieldwork,36 to 59 months old
Samoa,WS,WSM,882,Percentage of children (aged 24-59 months) whose father has engaged in 4 or more activities to provide early stimulation and responsive care in the last 3 days,2020,24.414,Female,,%,Reported,Free,End of fieldwork,24 to 59 months old
Samoa,WS,WSM,882,Percentage of children (aged 24-59 months) whose father has engaged in 4 or more activities to provide early stimulation and responsive care in the last 3 days,2020,21.813,Male,,%,Reported,Free,End of fieldwork,24 to 59 months old
Samoa,WS,WSM,882,Percentage of children (aged 24-59 months) whose father has engaged in 4 or more activities to provide early stimulation and responsive care in the last 3 days,2020,23.06,Total,,%,Reported,Free,End of fieldwork,24 to 59 months old
Sao Tome and Principe,ST,STP,678,Percentage of children (aged 24-59 months) whose father has engaged in 4 or more activities to provide early stimulation and responsive care in the last 3 days,2019,5.346,Female,,%,Reported,Free,End of fieldwork,24 to 59 months old
Sao Tome and Principe,ST,STP,678,Percentage of children (aged 24-59 months) whose father has engaged in 4 or more activities to provide early stimulation and responsive care in the last 3 days,2019,5.1,Male,,%,Reported,Free,End of fieldwork,24 to 59 months old
Sao Tome and Principe,ST,STP,678,Percentage of children (aged 24-59 months) whose father has engaged in 4 or more activities to provide early stimulation and responsive care in the last 3 days,2019,5.222,Total,,%,Reported,Free,End of fieldwork,24 to 59 months old
Senegal,SN,SEN,686,Percentage of children (aged 24-59 months) whose father has engaged in 4 or more activities to provide early stimulation and responsive care in the last 3 days,2019,1.6,Female,,%,Reported,Free,End of fieldwork,36 to 59 months old
Senegal,SN,SEN,686,Percentage of children (aged 24-59 months) whose father has engaged in 4 or more activities to provide early stimulation and responsive care in the last 3 days,2019,0.4,Male,,%,Reported,Free,End of fieldwork,36 to 59 months old
Senegal,SN,SEN,686,Percentage of children (aged 24-59 months) whose father has engaged in 4 or more activities to provide early stimulation and responsive care in the last 3 days,2019,1,Total,,%,Reported,Free,End of fieldwork,36 to 59 months old
Serbia,RS,SRB,688,Percentage of children (aged 24-59 months) whose father has engaged in 4 or more activities to provide early stimulation and responsive care in the last 3 days,2019,40.377,Female,,%,Reported,Free,End of fieldwork,24 to 59 months old
Serbia,RS,SRB,688,Percentage of children (aged 24-59 months) whose father has engaged in 4 or more activities to provide early stimulation and responsive care in the last 3 days,2019,41.183,Male,,%,Reported,Free,End of fieldwork,24 to 59 months old
Serbia,RS,SRB,688,Percentage of children (aged 24-59 months) whose father has engaged in 4 or more activities to provide early stimulation and responsive care in the last 3 days,2019,40.79,Total,,%,Reported,Free,End of fieldwork,24 to 59 months old
Sierra Leone,SL,SLE,694,Percentage of children (aged 24-59 months) whose father has engaged in 4 or more activities to provide early stimulation and responsive care in the last 3 days,2017,4.03,Female,,%,Reported,Free,End of fieldwork,24 to 59 months old
Sierra Leone,SL,SLE,694,Percentage of children (aged 24-59 months) whose father has engaged in 4 or more activities to provide early stimulation and responsive care in the last 3 days,2017,5.747,Male,,%,Reported,Free,End of fieldwork,24 to 59 months old
Sierra Leone,SL,SLE,694,Percentage of children (aged 24-59 months) whose father has engaged in 4 or more activities to provide early stimulation and responsive care in the last 3 days,2017,4.878,Total,,%,Reported,Free,End of fieldwork,24 to 59 months old
Somalia,SO,SOM,706,Percentage of children (aged 24-59 months) whose father has engaged in 4 or more activities to provide early stimulation and responsive care in the last 3 days,2006,47.9,Female,,%,Reanalysed,Free,End of fieldwork,36 to 59 months old
Somalia,SO,SOM,706,Percentage of children (aged 24-59 months) whose father has engaged in 4 or more activities to provide early stimulation and responsive care in the last 3 days,2006,48.2,Male,,%,Reanalysed,Free,End of fieldwork,36 to 59 months old
Somalia,SO,SOM,706,Percentage of children (aged 24-59 months) whose father has engaged in 4 or more activities to provide early stimulation and responsive care in the last 3 days,2006,48,Total,,%,Reanalysed,Free,End of fieldwork,36 to 59 months old
Sri Lanka,LK,LKA,144,Percentage of children (aged 24-59 months) whose father has engaged in 4 or more activities to provide early stimulation and responsive care in the last 3 days,2016,15.245,Female,,%,Reanalysed,Free,End of fieldwork,24 to 59 months old
Sri Lanka,LK,LKA,144,Percentage of children (aged 24-59 months) whose father has engaged in 4 or more activities to provide early stimulation and responsive care in the last 3 days,2016,15.377,Male,,%,Reanalysed,Free,End of fieldwork,24 to 59 months old
Sri Lanka,LK,LKA,144,Percentage of children (aged 24-59 months) whose father has engaged in 4 or more activities to provide early stimulation and responsive care in the last 3 days,2016,15.315,Total,,%,Reanalysed,Free,End of fieldwork,24 to 59 months old
"Palestinian Territory, Occupied",PS,PSE,275,Percentage of children (aged 24-59 months) whose father has engaged in 4 or more activities to provide early stimulation and responsive care in the last 3 days,2020,19.412,Female,,%,Reported,Free,End of fieldwork,24 to 59 months old
"Palestinian Territory, Occupied",PS,PSE,275,Percentage of children (aged 24-59 months) whose father has engaged in 4 or more activities to provide early stimulation and responsive care in the last 3 days,2020,17.903,Male,,%,Reported,Free,End of fieldwork,24 to 59 months old
"Palestinian Territory, Occupied",PS,PSE,275,Percentage of children (aged 24-59 months) whose father has engaged in 4 or more activities to provide early stimulation and responsive care in the last 3 days,2020,18.631,Total,,%,Reported,Free,End of fieldwork,24 to 59 months old
Suriname,SR,SUR,740,Percentage of children (aged 24-59 months) whose father has engaged in 4 or more activities to provide early stimulation and responsive care in the last 3 days,2018,16.202,Female,,%,Reported,Free,End of fieldwork,24 to 59 months old
Suriname,SR,SUR,740,Percentage of children (aged 24-59 months) whose father has engaged in 4 or more activities to provide early stimulation and responsive care in the last 3 days,2018,13.578,Male,,%,Reported,Free,End of fieldwork,24 to 59 months old
Suriname,SR,SUR,740,Percentage of children (aged 24-59 months) whose father has engaged in 4 or more activities to provide early stimulation and responsive care in the last 3 days,2018,14.858,Total,,%,Reported,Free,End of fieldwork,24 to 59 months old
Syrian Arab Republic,SY,SYR,760,Percentage of children (aged 24-59 months) whose father has engaged in 4 or more activities to provide early stimulation and responsive care in the last 3 days,2006,60.2,Female,,%,Reanalysed,Free,End of fieldwork,36 to 59 months old
Syrian Arab Republic,SY,SYR,760,Percentage of children (aged 24-59 months) whose father has engaged in 4 or more activities to provide early stimulation and responsive care in the last 3 days,2006,64.2,Male,,%,Reanalysed,Free,End of fieldwork,36 to 59 months old
Syrian Arab Republic,SY,SYR,760,Percentage of children (aged 24-59 months) whose father has engaged in 4 or more activities to provide early stimulation and responsive care in the last 3 days,2006,62.2,Total,,%,Reanalysed,Free,End of fieldwork,36 to 59 months old
Tajikistan,TJ,TJK,762,Percentage of children (aged 24-59 months) whose father has engaged in 4 or more activities to provide early stimulation and responsive care in the last 3 days,2005,21.7,Female,,%,Reanalysed,Free,End of fieldwork,36 to 59 months old
Tajikistan,TJ,TJK,762,Percentage of children (aged 24-59 months) whose father has engaged in 4 or more activities to provide early stimulation and responsive care in the last 3 days,2005,23.7,Male,,%,Reanalysed,Free,End of fieldwork,36 to 59 months old
Tajikistan,TJ,TJK,762,Percentage of children (aged 24-59 months) whose father has engaged in 4 or more activities to provide early stimulation and responsive care in the last 3 days,2005,22.7,Total,,%,Reanalysed,Free,End of fieldwork,36 to 59 months old
Thailand,TH,THA,764,Percentage of children (aged 24-59 months) whose father has engaged in 4 or more activities to provide early stimulation and responsive care in the last 3 days,2019,34.401,Female,,%,Reanalysed,Free,End of fieldwork,24 to 59 months old
Thailand,TH,THA,764,Percentage of children (aged 24-59 months) whose father has engaged in 4 or more activities to provide early stimulation and responsive care in the last 3 days,2019,33.459,Male,,%,Reanalysed,Free,End of fieldwork,24 to 59 months old
Thailand,TH,THA,764,Percentage of children (aged 24-59 months) whose father has engaged in 4 or more activities to provide early stimulation and responsive care in the last 3 days,2019,33.936,Total,,%,Reanalysed,Free,End of fieldwork,24 to 59 months old
Timor-Leste,TL,TLS,626,Percentage of children (aged 24-59 months) whose father has engaged in 4 or more activities to provide early stimulation and responsive care in the last 3 days,2016,13.4,Female,,%,Reanalysed,Free,End of fieldwork,36 to 47 months old
Timor-Leste,TL,TLS,626,Percentage of children (aged 24-59 months) whose father has engaged in 4 or more activities to provide early stimulation and responsive care in the last 3 days,2016,16.7,Male,,%,Reanalysed,Free,End of fieldwork,36 to 47 months old
Timor-Leste,TL,TLS,626,Percentage of children (aged 24-59 months) whose father has engaged in 4 or more activities to provide early stimulation and responsive care in the last 3 days,2016,15.1,Total,,%,Reanalysed,Free,End of fieldwork,36 to 47 months old
Togo,TG,TGO,768,Percentage of children (aged 24-59 months) whose father has engaged in 4 or more activities to provide early stimulation and responsive care in the last 3 days,2017,4.9,Female,,%,Reported,Free,End of fieldwork,24 to 59 months old
Togo,TG,TGO,768,Percentage of children (aged 24-59 months) whose father has engaged in 4 or more activities to provide early stimulation and responsive care in the last 3 days,2017,4.136,Male,,%,Reported,Free,End of fieldwork,24 to 59 months old
Togo,TG,TGO,768,Percentage of children (aged 24-59 months) whose father has engaged in 4 or more activities to provide early stimulation and responsive care in the last 3 days,2017,4.506,Total,,%,Reported,Free,End of fieldwork,24 to 59 months old
Tonga,TO,TON,776,Percentage of children (aged 24-59 months) whose father has engaged in 4 or more activities to provide early stimulation and responsive care in the last 3 days,2019,25.733,Female,,%,Reported,Free,End of fieldwork,24 to 59 months old
Tonga,TO,TON,776,Percentage of children (aged 24-59 months) whose father has engaged in 4 or more activities to provide early stimulation and responsive care in the last 3 days,2019,27.138,Male,,%,Reported,Free,End of fieldwork,24 to 59 months old
Tonga,TO,TON,776,Percentage of children (aged 24-59 months) whose father has engaged in 4 or more activities to provide early stimulation and responsive care in the last 3 days,2019,26.505,Total,,%,Reported,Free,End of fieldwork,24 to 59 months old
Trinidad and Tobago,TT,TTO,780,Percentage of children (aged 24-59 months) whose father has engaged in 4 or more activities to provide early stimulation and responsive care in the last 3 days,2011,53.2,Female,,%,Reported,Free,End of fieldwork,36 to 59 months old
Trinidad and Tobago,TT,TTO,780,Percentage of children (aged 24-59 months) whose father has engaged in 4 or more activities to provide early stimulation and responsive care in the last 3 days,2011,60,Male,,%,Reported,Free,End of fieldwork,36 to 59 months old
Trinidad and Tobago,TT,TTO,780,Percentage of children (aged 24-59 months) whose father has engaged in 4 or more activities to provide early stimulation and responsive care in the last 3 days,2011,56.5,Total,,%,Reported,Free,End of fieldwork,36 to 59 months old
Tunisia,TN,TUN,788,Percentage of children (aged 24-59 months) whose father has engaged in 4 or more activities to provide early stimulation and responsive care in the last 3 days,2018,26.594,Female,,%,Reported,Free,End of fieldwork,24 to 59 months old
Tunisia,TN,TUN,788,Percentage of children (aged 24-59 months) whose father has engaged in 4 or more activities to provide early stimulation and responsive care in the last 3 days,2018,29.771,Male,,%,Reported,Free,End of fieldwork,24 to 59 months old
Tunisia,TN,TUN,788,Percentage of children (aged 24-59 months) whose father has engaged in 4 or more activities to provide early stimulation and responsive care in the last 3 days,2018,28.194,Total,,%,Reported,Free,End of fieldwork,24 to 59 months old
Turkmenistan,TM,TKM,795,Percentage of children (aged 24-59 months) whose father has engaged in 4 or more activities to provide early stimulation and responsive care in the last 3 days,2019,13.146,Female,,%,Reported,Free,End of fieldwork,24 to 59 months old
Turkmenistan,TM,TKM,795,Percentage of children (aged 24-59 months) whose father has engaged in 4 or more activities to provide early stimulation and responsive care in the last 3 days,2019,13.45,Male,,%,Reported,Free,End of fieldwork,24 to 59 months old
Turkmenistan,TM,TKM,795,Percentage of children (aged 24-59 months) whose father has engaged in 4 or more activities to provide early stimulation and responsive care in the last 3 days,2019,13.299,Total,,%,Reported,Free,End of fieldwork,24 to 59 months old
Turks and Caicos Islands,TC,TCA,796,Percentage of children (aged 24-59 months) whose father has engaged in 4 or more activities to provide early stimulation and responsive care in the last 3 days,2020,33.685,Female,,%,Reported,Free,End of fieldwork,24 to 59 months old
Turks and Caicos Islands,TC,TCA,796,Percentage of children (aged 24-59 months) whose father has engaged in 4 or more activities to provide early stimulation and responsive care in the last 3 days,2020,35.517,Male,,%,Reported,Free,End of fieldwork,24 to 59 months old
Turks and Caicos Islands,TC,TCA,796,Percentage of children (aged 24-59 months) whose father has engaged in 4 or more activities to provide early stimulation and responsive care in the last 3 days,2020,34.55,Total,,%,Reported,Free,End of fieldwork,24 to 59 months old
Tuvalu,TV,TUV,798,Percentage of children (aged 24-59 months) whose father has engaged in 4 or more activities to provide early stimulation and responsive care in the last 3 days,2020,22.532,Female,,%,Reported,Free,End of fieldwork,24 to 59 months old
Tuvalu,TV,TUV,798,Percentage of children (aged 24-59 months) whose father has engaged in 4 or more activities to provide early stimulation and responsive care in the last 3 days,2020,23.791,Male,,%,Reported,Free,End of fieldwork,24 to 59 months old
Tuvalu,TV,TUV,798,Percentage of children (aged 24-59 months) whose father has engaged in 4 or more activities to provide early stimulation and responsive care in the last 3 days,2020,23.232,Total,,%,Reported,Free,End of fieldwork,24 to 59 months old
Turkey,TR,TUR,792,Percentage of children (aged 24-59 months) whose father has engaged in 4 or more activities to provide early stimulation and responsive care in the last 3 days,2018,17.6,Female,,%,Reported,Free,End of fieldwork,24 to 59 months old
Turkey,TR,TUR,792,Percentage of children (aged 24-59 months) whose father has engaged in 4 or more activities to provide early stimulation and responsive care in the last 3 days,2018,13.9,Male,,%,Reported,Free,End of fieldwork,24 to 59 months old
Turkey,TR,TUR,792,Percentage of children (aged 24-59 months) whose father has engaged in 4 or more activities to provide early stimulation and responsive care in the last 3 days,2018,15.7,Total,,%,Reported,Free,End of fieldwork,24 to 59 months old
Uganda,UG,UGA,800,Percentage of children (aged 24-59 months) whose father has engaged in 4 or more activities to provide early stimulation and responsive care in the last 3 days,2016,3.1,Female,,%,Reanalysed,Free,End of fieldwork,36 to 59 months old
Uganda,UG,UGA,800,Percentage of children (aged 24-59 months) whose father has engaged in 4 or more activities to provide early stimulation and responsive care in the last 3 days,2016,3.3,Male,,%,Reanalysed,Free,End of fieldwork,36 to 59 months old
Uganda,UG,UGA,800,Percentage of children (aged 24-59 months) whose father has engaged in 4 or more activities to provide early stimulation and responsive care in the last 3 days,2016,3.2,Total,,%,Reanalysed,Free,End of fieldwork,36 to 59 months old
Ukraine,UA,UKR,804,Percentage of children (aged 24-59 months) whose father has engaged in 4 or more activities to provide early stimulation and responsive care in the last 3 days,2012,73.1,Female,,%,Reported,Free,End of fieldwork,36 to 59 months old
Ukraine,UA,UKR,804,Percentage of children (aged 24-59 months) whose father has engaged in 4 or more activities to provide early stimulation and responsive care in the last 3 days,2012,69,Male,,%,Reported,Free,End of fieldwork,36 to 59 months old
Ukraine,UA,UKR,804,Percentage of children (aged 24-59 months) whose father has engaged in 4 or more activities to provide early stimulation and responsive care in the last 3 days,2012,71.1,Total,,%,Reported,Free,End of fieldwork,36 to 59 months old
Uruguay,UY,URY,858,Percentage of children (aged 24-59 months) whose father has engaged in 4 or more activities to provide early stimulation and responsive care in the last 3 days,2013,68.9,Female,,%,Reported,Free,End of fieldwork,36 to 59 months old
Uruguay,UY,URY,858,Percentage of children (aged 24-59 months) whose father has engaged in 4 or more activities to provide early stimulation and responsive care in the last 3 days,2013,64.2,Male,,%,Reported,Free,End of fieldwork,36 to 59 months old
Uruguay,UY,URY,858,Percentage of children (aged 24-59 months) whose father has engaged in 4 or more activities to provide early stimulation and responsive care in the last 3 days,2013,66.3,Total,,%,Reported,Free,End of fieldwork,36 to 59 months old
Uzbekistan,UZ,UZB,860,Percentage of children (aged 24-59 months) whose father has engaged in 4 or more activities to provide early stimulation and responsive care in the last 3 days,2022,4.578,Female,,%,Reported,Free,End of fieldwork,24 to 59 months old
Uzbekistan,UZ,UZB,860,Percentage of children (aged 24-59 months) whose father has engaged in 4 or more activities to provide early stimulation and responsive care in the last 3 days,2022,5.808,Male,,%,Reported,Free,End of fieldwork,24 to 59 months old
Uzbekistan,UZ,UZB,860,Percentage of children (aged 24-59 months) whose father has engaged in 4 or more activities to provide early stimulation and responsive care in the last 3 days,2022,5.216,Total,,%,Reported,Free,End of fieldwork,24 to 59 months old
Viet Nam,VN,VNM,704,Percentage of children (aged 24-59 months) whose father has engaged in 4 or more activities to provide early stimulation and responsive care in the last 3 days,2021,17.354,Female,,%,Reported,Free,End of fieldwork,24 to 59 months old
Vietnam,VN,VNM,704,Percentage of children (aged 24-59 months) whose father has engaged in 4 or more activities to provide early stimulation and responsive care in the last 3 days,2021,17.354,Female,,%,Reported,Free,End of fieldwork,24 to 59 months old
Viet Nam,VN,VNM,704,Percentage of children (aged 24-59 months) whose father has engaged in 4 or more activities to provide early stimulation and responsive care in the last 3 days,2021,16.937,Male,,%,Reported,Free,End of fieldwork,24 to 59 months old
Vietnam,VN,VNM,704,Percentage of children (aged 24-59 months) whose father has engaged in 4 or more activities to provide early stimulation and responsive care in the last 3 days,2021,16.937,Male,,%,Reported,Free,End of fieldwork,24 to 59 months old
Viet Nam,VN,VNM,704,Percentage of children (aged 24-59 months) whose father has engaged in 4 or more activities to provide early stimulation and responsive care in the last 3 days,2021,17.138,Total,,%,Reported,Free,End of fieldwork,24 to 59 months old
Vietnam,VN,VNM,704,Percentage of children (aged 24-59 months) whose father has engaged in 4 or more activities to provide early stimulation and responsive care in the last 3 days,2021,17.138,Total,,%,Reported,Free,End of fieldwork,24 to 59 months old
Yemen,YE,YEM,887,Percentage of children (aged 24-59 months) whose father has engaged in 4 or more activities to provide early stimulation and responsive care in the last 3 days,2006,32.9,Female,,%,Reanalysed,Free,End of fieldwork,36 to 59 months old
Yemen,YE,YEM,887,Percentage of children (aged 24-59 months) whose father has engaged in 4 or more activities to provide early stimulation and responsive care in the last 3 days,2006,41.1,Male,,%,Reanalysed,Free,End of fieldwork,36 to 59 months old
Yemen,YE,YEM,887,Percentage of children (aged 24-59 months) whose father has engaged in 4 or more activities to provide early stimulation and responsive care in the last 3 days,2006,37.2,Total,,%,Reanalysed,Free,End of fieldwork,36 to 59 months old
Zimbabwe,ZW,ZWE,716,Percentage of children (aged 24-59 months) whose father has engaged in 4 or more activities to provide early stimulation and responsive care in the last 3 days,2019,2.881,Female,,%,Reported,Free,End of fieldwork,24 to 59 months old
Zimbabwe,ZW,ZWE,716,Percentage of children (aged 24-59 months) whose father has engaged in 4 or more activities to provide early stimulation and responsive care in the last 3 days,2019,3.957,Male,,%,Reported,Free,End of fieldwork,24 to 59 months old
Zimbabwe,ZW,ZWE,716,Percentage of children (aged 24-59 months) whose father has engaged in 4 or more activities to provide early stimulation and responsive care in the last 3 days,2019,3.407,Total,,%,Reported,Free,End of fieldwork,24 to 59 months old
